"","name","place_id","time_spent","current_popularity","website","price_level","rating","n_ratings","phone","business_status","locality","administrative_area_level_2","administrative_area_level_1","country","postal_code_prefix","lat","lon","subpremise","street_number","route","sublocality_level_1","postal_code","neighborhood","point_of_interest","premise"
"1","Poznań","ChIJtwrh7NJEBEcR0b80A5gx6qQ",NA,NA,"http://www.poznan.pl/",NA,NA,NA,NA,NA,"Poznań","Poznań","Greater Poland Voivodeship","Poland","62",52.406374,16.9251681,NA,NA,NA,NA,NA,NA,NA,NA
"2","Sheraton Poznan Hotel","ChIJBSXZuTRbBEcRkL5HV6GNNKM",NA,NA,"https://www.marriott.com/en-us/hotels/pozsi-sheraton-poznan-hotel/overview/?scid=f2ae0541-1279-4f24-b197-a979c79310b0",NA,4.4,2153,"+48 61 655 20 00","OPERATIONAL","Poznań","Poznań","Wielkopolskie","Poland",NA,52.4067601,16.9108613,"9","3","Bukowska","Jeżyce","60-809",NA,NA,NA
"3","IKAR Poznań","ChIJwzA6H0lbBEcRxe10RpMFtj8",NA,NA,"https://phhhotele.pl/hotele/poznan-ikar/",NA,3.6,1158,NA,"OPERATIONAL","Poznań","Poznań","Wielkopolskie","Poland",NA,52.4135493,16.9245149,NA,"18","Solna","Stare Miasto","61-736",NA,NA,NA
"4","Hotel NH Poznan","ChIJpRhM5m-TBUcRhZyA7vQFeak",NA,NA,"https://www.nh-hotels.com/hotel/nh-poznan?utm_campaign=local-gmb&utm_medium=organic_search&utm_source=google_gmb",NA,4.3,1068,"+48 61 624 88 00","OPERATIONAL","Poznań","Poznań","Wielkopolskie","Poland",NA,52.406836,16.920811,NA,"67","Święty Marcin","Stare Miasto","61-806",NA,NA,NA
"5","Hotel Mercure Poznan Centrum","ChIJ6TmG5DRbBEcRM1rVX4dkMEY",NA,NA,"https://all.accor.com/lien_externe.svlt?goto=fiche_hotel&code_hotel=3393&merchantid=seo-maps-PL-3393&sourceid=aw-cen&utm_medium=seo+maps&utm_source=google+Maps&utm_campaign=seo+maps&y_source=1_MTUzNTg3NjMtNzE1LWxvY2F0aW9uLndlYnNpdGU%3D",NA,4.5,3261,"+48 61 855 80 00","OPERATIONAL","Poznań","Poznań","Wielkopolskie","Poland",NA,52.4084986,16.911609,NA,"20","Roosevelta","Jeżyce","60-829",NA,NA,NA
"6","Fusion Hostel","ChIJc0uGBzdbBEcRgMDG7fs4VhI",NA,NA,NA,NA,3.6,94,"+48 61 852 12 30","OPERATIONAL","Poznań","Poznań","Wielkopolskie","Poland",NA,52.407229,16.921681,NA,"66/72","Święty Marcin","Stare Miasto","61-808",NA,NA,NA
"7","Traffic Hotel","ChIJfQ3TElZFBEcRtifj0q3Iyac",NA,NA,"http://www.hoteltraffic.pl/",NA,4.3,1960,"+48 61 666 01 42","OPERATIONAL","Poznań","Poznań","Wielkopolskie","Poland",NA,52.402277,16.922887,NA,"1C","Niezłomnych","Stare Miasto","61-894",NA,NA,NA
"8","Monument to cryptologists in Poznań","ChIJn7MO9TZbBEcR50g3ervvUgo",NA,NA,"http://www.poznan.pl/mim/turystyka/pomniki,poi,2473/pogromcow-enigmy,51452.html",NA,4.8,77,NA,"OPERATIONAL","Poznań","Poznań","Wielkopolskie","Poland",NA,52.407498,16.9191946,NA,NA,"Kościuszki","Stare Miasto","60-995",NA,NA,NA
"9","Ławeczka Heliodora Święcickiego w Poznaniu","ChIJ2wozzTVbBEcRdilib_nhwbY",NA,NA,NA,NA,4.6,13,NA,"OPERATIONAL","Poznań","Poznań","Greater Poland Voivodeship","Poland",NA,52.4080704,16.9161042,NA,NA,NA,"Stare Miasto","60-995",NA,NA,NA
"10","Don Prestige Residence","ChIJE8loIDlbBEcRQRz1W0qggCg",NA,NA,"http://donprestige.com/",NA,4.5,993,"+48 61 859 05 90","OPERATIONAL","Poznań","Poznań","Wielkopolskie","Poland",NA,52.405973,16.9305136,NA,"2","Święty Marcin","Stare Miasto","61-803",NA,NA,NA
"11","La Guitarra Hostel Poznań","ChIJyz7yUDhbBEcRIo6BeREGns0",NA,NA,"http://www.lagitarra.com/poznan",NA,4,576,"+48 61 852 20 74","OPERATIONAL","Poznań","Poznań","Wielkopolskie","Poland",NA,52.407098,16.9273802,NA,"20A","Aleje Marcinkowskiego","Stare Miasto","61-827",NA,NA,NA
"12","Platinum Palace Apartments Poznan","ChIJOeiEfTlbBEcRpTaB0yPTiig",NA,NA,"https://platinum-palace.30hotel.com/",NA,4.3,450,"+48 519 303 019","OPERATIONAL","Poznań","Poznań","Wielkopolskie","Poland",NA,52.4036347,16.9277929,NA,"17","Ogrodowa","Stare Miasto","61-821",NA,NA,NA
"13","Almatur Poznań sp. z o.o.","ChIJKeSAHTpbBEcRrfvax8KZXSc",NA,NA,"https://almatur.poznan.pl/",NA,4.3,57,"+48 61 855 76 33","OPERATIONAL","Poznań","Poznań","Wielkopolskie","Poland",NA,52.4055687,16.9251043,"111","26","Ratajczaka","Stare Miasto","61-815",NA,NA,NA
"14","Apartamenty Towarowa Poznań","ChIJTxqdNHJbBEcR5Fv8Ux3zTxQ",NA,NA,"http://www.apartamentytowarowa.pl/",NA,4.9,124,"+48 509 506 910","OPERATIONAL","Poznań","Poznań","Wielkopolskie","Poland",NA,52.4043746,16.9161213,"25","41","Towarowa","Stare Miasto","61-897",NA,NA,NA
"15","Poznań Apartments Towarowa","ChIJm3BPZzFbBEcRvwE5kZkEkXY",NA,NA,"http://www.poznanapartments.com/",NA,4.6,193,"+48 531 000 209","OPERATIONAL","Poznań","Poznań","Wielkopolskie","Poland",NA,52.4040852,16.9152276,"201","37","Towarowa","Stare Miasto","61-896",NA,NA,NA
"16","Poznan University of Medical Sciences","ChIJI9FtDzZbBEcRyR434R7X6sQ",NA,NA,"http://www.ump.edu.pl/",NA,4,105,"+48 61 854 60 00","OPERATIONAL","Poznań","Poznań","Wielkopolskie","Poland",NA,52.4097395,16.918381,NA,"10","Fredry","Stare Miasto","61-701",NA,NA,NA
"17","Santander Bank Polska S.A.","ChIJ__cQqDdbBEcRyJNgcLCpLms","People typically spend 30 min here",NA,"http://www.bzwbk.pl/",NA,3.7,26,"+48 61 811 99 99","OPERATIONAL","Poznań","Poznań","Wielkopolskie","Poland",NA,52.4072735,16.9218354,NA,"66/72","Święty Marcin","Stare Miasto","61-714",NA,NA,NA
"18","Dormitory Jowita AMU","ChIJaRvlxjRbBEcRJ1r7NeCVjA4",NA,NA,"http://dsjowita.home.amu.edu.pl/",NA,3.7,204,"+48 61 829 24 00","OPERATIONAL","Poznań","Poznań","Wielkopolskie","Poland",NA,52.4076751,16.9103046,NA,"7","Zwierzyniecka","Jeżyce","60-813",NA,NA,NA
"19","E-Apartamenty Święty Marcin","ChIJscuZBDlbBEcRhfCThaQZJjU",NA,NA,NA,NA,NA,NA,"+48 61 610 27 77","OPERATIONAL","Poznań","Poznań","Wielkopolskie","Poland",NA,52.4058055,16.9288729,NA,"11 A","Święty Marcin","Stare Miasto","61-845",NA,NA,NA
"20","Stare Miasto","ChIJV0DUoTVDBEcReRqNlxFgrwA",NA,NA,NA,NA,NA,NA,NA,NA,"Poznań","Poznań","Greater Poland Voivodeship","Poland","62",52.4507982,16.9203223,NA,NA,NA,"Stare Miasto",NA,NA,NA,NA
"21","Nobilit Apartamenty","ChIJscuZBDlbBEcRvxJYIIel8_U",NA,NA,"https://nobilit-apartamenty.hotels-poznan.com/pl/",NA,NA,NA,"+48 790 663 114","OPERATIONAL","Poznań","Poznań","Wielkopolskie","Poland",NA,52.4058055,16.9288729,NA,"11A","Święty Marcin","Stare Miasto","61-803",NA,NA,NA
"22","Comfortable rooms","ChIJW6Sd5DdbBEcReKWuBRsYQBw",NA,NA,NA,NA,3.3,66,"+48 507 159 505","OPERATIONAL","Poznań","Poznań","Wielkopolskie","Poland",NA,52.4091487,16.9249644,"5","48c","3 Maja","Stare Miasto","61-073",NA,NA,NA
"23","Panda Catering Serwis","ChIJZ0TSV0pbBEcRrRNFfrIq1TM",NA,NA,"https://www.pandasecurity.com/usa/",NA,5,2,NA,"CLOSED_TEMPORARILY","Poznań","Poznań","Wielkopolskie","Poland",NA,52.412952,16.9163188,NA,"37","Karola Libelta","Stare Miasto","61-707",NA,NA,NA
"24","Apartments I.M.A","ChIJw3H6GstEBEcRxhB7IVJv2S0",NA,NA,"http://www.apartmentsinpoznan.com/",NA,4.6,52,"+48 608 537 526","OPERATIONAL","Poznań","Poznań","Wielkopolskie","Poland",NA,52.4043746,16.9161213,NA,"41","Towarowa","Stare Miasto","61-586",NA,NA,NA
"25","Thom Apartments - Parking free","ChIJrSw8cDlbBEcRs8jf5v6FHPY",NA,NA,NA,NA,NA,NA,"+48 507 046 307","OPERATIONAL","Poznań","Poznań","Wielkopolskie","Poland",NA,52.4043294,16.9281496,NA,"16","Piekary","Stare Miasto","61-823",NA,NA,NA
"26","System down","ChIJ9_EgsUdbBEcRkifrwt3Q9CI",NA,NA,NA,NA,NA,NA,"+48 532 572 735","OPERATIONAL","Poznań","Poznań","Wielkopolskie","Poland",NA,52.4109893,16.9299733,NA,NA,NA,"Stare Miasto","61-745",NA,NA,NA
"27","Apliko","ChIJXdx_VzhbBEcRclzOiDGVLtA",NA,NA,NA,NA,4.8,58,"+48 61 852 55 08","OPERATIONAL","Poznań","Poznań","Wielkopolskie","Poland",NA,52.4068926,16.9280289,NA,"20","Aleje Marcinkowskiego","Stare Miasto","61-827",NA,NA,NA
"28","Grand Theatre, Poznań","ChIJCdyp8DVbBEcRGnvirzWHwnU",NA,NA,"http://opera.poznan.pl/",NA,4.7,2631,"+48 61 659 02 00","OPERATIONAL","Poznań","Poznań","Wielkopolskie","Poland",NA,52.409947,16.9178862,NA,"9","Fredry","Stare Miasto","61-701",NA,NA,NA
"29","Partner","ChIJJQAybTdbBEcRRyrNRnFStds",NA,NA,"http://bppartner.com.pl/",NA,5,1,"+48 61 855 07 34","OPERATIONAL","Poznań","Poznań","Wielkopolskie","Poland",NA,52.4061124,16.9220125,NA,"3","Garncarska","Stare Miasto","61-817",NA,NA,NA
"30","Gauganek","ChIJWzKI5jdbBEcRDy2Rm9B38jQ",NA,NA,"http://gauganek.pl/",NA,5,1,"+48 601 068 188","OPERATIONAL","Poznań","Poznań","Wielkopolskie","Poland",NA,52.409056,16.9244853,NA,"49","3 Maja","Stare Miasto","61-728",NA,NA,NA
"31","GOKO TAKEAWAY","ChIJiS_OcEBbBEcRA7VecgAGFMM",NA,NA,"http://www.goko.com.pl/",3,4.1,488,"+48 61 639 06 39","OPERATIONAL","Poznań","Poznań","Wielkopolskie","Poland",NA,52.4110411,16.9121023,NA,"7","Jana Henryka Dąbrowskiego","Jeżyce","61-838",NA,NA,NA
"32","Opera Hostel","ChIJVeWSDEpbBEcRs55wFiKg-Ss",NA,NA,NA,NA,4.6,152,"+48 602 214 212","OPERATIONAL","Poznań","Poznań","Wielkopolskie","Poland",NA,52.4110398,16.917284,NA,"2","Zygmunta Noskowskiego","Stare Miasto","61-704",NA,NA,NA
"33","Fit Expert Poznan","ChIJ89-0E8hEBEcRnTYEeT7tlYE",NA,NA,"http://www.fit-expert.pl/",NA,3.8,48,"+48 500 149 473","OPERATIONAL","Poznań","Poznań","Wielkopolskie","Poland",NA,52.4134506,16.9143709,NA,"57","Poznańska","Jeżyce","60-852",NA,NA,NA
"34","Hanka Dormitory","ChIJWVN0gklbBEcRWxVj9aOSNaI",NA,NA,"http://www.amu.edu.pl/",NA,4.7,208,"+48 61 829 39 02","OPERATIONAL","Poznań","Poznań","Wielkopolskie","Poland",NA,52.4127899,16.9210917,NA,"26","Aleja Niepodległości","Stare Miasto","61-714",NA,NA,NA
"35","Ministerstwo Browaru","ChIJAwA4xTlbBEcRVg2VoZYHuOw","People typically spend 1-2.5 hours here",NA,"http://ministerstwo-browaru.ontap.pl/",2,4.6,1577,"+48 794 798 103","OPERATIONAL","Poznań","Poznań","Wielkopolskie","Poland",NA,52.4060277,16.9252352,NA,"34","Ratajczaka","Stare Miasto","61-815",NA,NA,NA
"36","Galeria MM","ChIJj80XUzhbBEcRS3rjMkCXAVs","People typically spend 15 min to 1.5 hr here",50,"http://www.galeriamm.poznan.pl/",NA,3.9,6644,"+48 61 855 22 94","OPERATIONAL","Poznań","Poznań","Wielkopolskie","Poland",NA,52.4061635,16.9277701,NA,"24","Święty Marcin","Stare Miasto","61-805",NA,NA,NA
"37","Sklep Fajowo.eu","ChIJT-XOcDdbBEcRX1cyBCVU7-E","People typically spend 15 min here",NA,"http://www.fajowo.eu/",NA,4.8,276,"+48 664 130 818","OPERATIONAL","Poznań","Poznań","Wielkopolskie","Poland",NA,52.4068121,16.9217883,NA,"61","Święty Marcin","Stare Miasto","61-806",NA,NA,NA
"38","Koleje Wielkopolskie Sp. z o.o.","ChIJocEFATRbBEcR2e5iFs6sUZg",NA,NA,"http://koleje-wielkopolskie.com.pl/",NA,3.6,182,"+48 61 279 27 00","OPERATIONAL","Poznań","Poznań","Wielkopolskie","Poland",NA,52.4056407,16.91555,NA,"5","Składowa","Stare Miasto","61-897",NA,NA,NA
"39","Amore del Tropico","ChIJUdeQwzlbBEcRYe07EnThab4","People typically spend 1-3 hours here",NA,"https://www.facebook.com/pubamoredeltropico/?rf=1598888637015757",1,4.5,608,"+48 61 851 96 92","OPERATIONAL","Poznań","Poznań","Wielkopolskie","Poland",NA,52.4055684,16.9251038,NA,"26","Ratajczaka","Stare Miasto","61-815",NA,NA,NA
"40","Billaboom","ChIJXZkYKTVbBEcRYzlf3JAW4D4",NA,NA,"http://www.billaboom.com/",NA,4.2,695,"+48 61 847 58 18","OPERATIONAL","Poznań","Poznań","Wielkopolskie","Poland",NA,52.4091423,16.9104776,NA,"32","Mickiewicza","Jeżyce","60-836",NA,NA,NA
"41","Polish Theater in Poznan 1875","ChIJT3yb6jdbBEcR2yVFxPPVsJ8",NA,50,"http://www.teatr-polski.pl/",NA,4.7,1032,"+48 61 852 56 27","OPERATIONAL","Poznań","Poznań","Wielkopolskie","Poland",NA,52.4084216,16.9236361,"10","8","27 Grudnia","Stare Miasto","61-737",NA,NA,NA
"42","Muza Cinema","ChIJ8eJptDlbBEcRIx_ZIxHaCZY",NA,NA,"http://www.kinomuza.pl/",NA,4.7,2281,"+48 61 852 34 03","OPERATIONAL","Poznań","Poznań","Wielkopolskie","Poland",NA,52.4063366,16.9265554,NA,"30","Święty Marcin","Stare Miasto","60-702",NA,NA,NA
"43","Kwiaciarnia Angela","ChIJ5XorFDZbBEcROBTbeMogzzE",NA,NA,"https://www.facebook.com/kwiaciarnia.angela/",NA,4.7,42,"+48 601 735 144","OPERATIONAL","Poznań","Poznań","Wielkopolskie","Poland",NA,52.4092818,16.9197265,NA,"11","Fredry","Stare Miasto","60-710",NA,NA,NA
"44","Musical Theatre in Poznan","ChIJJWqaejpbBEcR3MpGIIRS-Hk",NA,NA,"http://www.teatr-muzyczny.pl/",NA,4.6,2887,"+48 61 852 29 27","OPERATIONAL","Poznań","Poznań","Wielkopolskie","Poland",NA,52.402279,16.9234689,NA,"1E","Niezłomnych","Stare Miasto","61-894",NA,NA,NA
"45","Apollo Cinema","ChIJIQwd7zlbBEcRBx9iSbLiwTs",NA,2,"http://kinoapollo.pl/",NA,4.6,1922,"+48 61 852 34 02","OPERATIONAL","Poznań","Poznań","Wielkopolskie","Poland",NA,52.4046753,16.9264374,NA,"18","Ratajczaka","Stare Miasto","61-815",NA,NA,NA
"46","Apteka. Dom Leków","ChIJE2b1VDZbBEcRhFmnShAamwE","People typically spend 10 min here",NA,"http://domlekow.pl/nasze-apteki",NA,3.6,87,"+48 61 852 52 44","OPERATIONAL","Poznań","Poznań","Wielkopolskie","Poland",NA,52.4076188,16.9210197,"2","5","Gwarna","Stare Miasto","61-703",NA,NA,NA
"47","Żabka","ChIJ67LF3TlbBEcR5jXxkH4pDak","People typically spend 10 min here",NA,"https://www.zabka.pl/",NA,3.3,176,"+48 61 856 37 00","OPERATIONAL","Poznań","Poznań","Wielkopolskie","Poland",NA,52.405574,16.924663,NA,"21","Ratajczaka","Stare Miasto","61-814",NA,NA,NA
"48","POLCAN","ChIJ8UMrp0lbBEcRWmyxxK4eki4",NA,NA,"http://www.polcan.pl/",NA,4.6,50,"+48 61 853 45 99","OPERATIONAL","Poznań","Poznań","Wielkopolskie","Poland",NA,52.4126476,16.9228466,NA,"39","Feliksa Nowowiejskiego","Stare Miasto","61-733",NA,NA,NA
"49","Blue Sky Travel","ChIJkcB36EpbBEcRx8WIbX10aBY",NA,NA,"https://www.bluesky.pl/rezerwacja/",NA,4,72,NA,"OPERATIONAL","Poznań","Poznań","Wielkopolskie","Poland",NA,52.413118,16.914651,NA,"2","Roosevelta","Stare Miasto","60-829",NA,NA,NA
"50","Tenement House","ChIJrwvJcTlbBEcR9x8c9aPwAw4",NA,NA,NA,NA,3.1,385,"+48 661 468 843","OPERATIONAL","Poznań","Poznań","Wielkopolskie","Poland",NA,52.404486,16.928425,NA,"9","Piekary","Stare Miasto","61-823",NA,NA,NA
"51","Adam Mickiewicz University","ChIJz4c7yzVbBEcRHBHjFGivWoo",NA,NA,"https://amu.edu.pl/",NA,4.1,365,"+48 61 829 40 00","OPERATIONAL","Poznań","Poznań","Wielkopolskie","Poland",NA,52.4083974,16.915402,NA,"1","Wieniawskiego","Stare Miasto","61-712",NA,NA,NA
"52","SpecShop.pl - Militaria, Strzelectwo, Samoobrona","ChIJHxHXzkZbBEcRyR-jkHe5LhM","People typically spend 20 min here",15,"https://www.specshop.pl/",NA,4.4,380,"+48 533 372 997","OPERATIONAL","Poznań","Poznań","Wielkopolskie","Poland",NA,52.412922,16.9229403,"2N","114","Kościuszki","Stare Miasto","61-717",NA,NA,NA
"53","Centrum Kultury Zamek","ChIJ7VRb9TZbBEcRF8qRDna7JM0",NA,NA,"http://ckzamek.pl/",NA,4.7,2484,"+48 61 646 52 72","OPERATIONAL","Poznań","Poznań","Wielkopolskie","Poland",NA,52.4076533,16.9192016,NA,"80/82","Święty Marcin","Stare Miasto","61-809",NA,NA,NA
"54","Mollini Ristorante kuchnia włoska","ChIJcddoyjlbBEcRwJjh3CtYqtA","People typically spend 1-1.5 hours here",NA,"http://www.mollini.pl/",3,4.6,808,"+48 508 377 144","OPERATIONAL","Poznań","Poznań","Wielkopolskie","Poland",NA,52.4063285,16.92601,NA,"34","Święty Marcin","Stare Miasto","61-806",NA,NA,NA
"55","Trekker Sport","ChIJ2wD2rDBbBEcRDy4BN_hZffk","People typically spend up to 45 min here",100,"http://www.trekkersport.com.pl/",NA,4.8,431,"+48 61 853 75 32","OPERATIONAL","Poznań","Poznań","Wielkopolskie","Poland",NA,52.4043833,16.9224073,NA,"12","Powstańców Wielkopolskich","Stare Miasto","61-895",NA,NA,NA
"56","Blue Note Jazz Club","ChIJuzwb5TZbBEcRY6E1YZYxJDU",NA,NA,"http://bluenote.poznan.pl/",2,4.6,1065,"+48 61 895 17 31","OPERATIONAL","Poznań","Poznań","Wielkopolskie","Poland",NA,52.4082043,16.9194754,NA,"79","Kościuszki","Stare Miasto","61-891",NA,NA,NA
"57","Glam House - rooms & apartments - Nocleg Poznań","ChIJRxsqejdbBEcRmMMU6X2lhQU",NA,NA,NA,NA,4,174,"+48 575 112 557","OPERATIONAL","Poznań","Poznań","Wielkopolskie","Poland",NA,52.4063803,16.9238061,NA,"43","Święty Marcin","Stare Miasto","61-806",NA,NA,NA
"58","Instytut Filologii Słowiańskiej","ChIJI9FtDzZbBEcRvMtdJaHGeZ4",NA,NA,NA,NA,4.4,7,"+48 61 829 45 20","OPERATIONAL","Poznań","Poznań","Wielkopolskie","Poland",NA,52.4096293,16.9189669,NA,"10","Fredry","Stare Miasto","61-701",NA,NA,NA
"59","Ultra Architects sp. z o.o.","ChIJ67lMgUBbBEcR-fBvroZPAKw",NA,NA,NA,NA,5,4,"+48 61 851 96 67","OPERATIONAL","Poznań","Poznań","Wielkopolskie","Poland",NA,52.4051673,16.927167,"704","19","Piekary","Stare Miasto","61-823",NA,NA,NA
"60","Apartament Pistacjowy","ChIJ8-5HfTlbBEcRh7LrgknItf8",NA,NA,"https://poznan-nocleg.com.pl/noclegi/poznan/oferta/231772",NA,4.3,3,NA,"OPERATIONAL","Poznań","Poznań","Wielkopolskie","Poland",NA,52.403686,16.9277689,NA,NA,"Ogrodowa","Stare Miasto","61-821",NA,NA,NA
"61","Poznań","ChIJtwrh7NJEBEcR0b80A5gx6qQ",NA,NA,"http://www.poznan.pl/",NA,NA,NA,NA,NA,"Poznań","Poznań","Greater Poland Voivodeship","Poland","62",52.406374,16.9251681,NA,NA,NA,NA,NA,NA,NA,NA
"62","Sweet Apartments","ChIJj2jed7ZEBEcR3DIYHBZI3Rk",NA,NA,NA,NA,NA,NA,NA,"CLOSED_TEMPORARILY","Poznań","Poznań","Wielkopolskie","Poland",NA,52.4147495,16.905017,NA,"17","Kościelna","Jeżyce","60-536",NA,NA,NA
"63","Specjalistyczny Okulistyczny Niepubliczny Zakład Opieki Zdrowotnej OCU SERVICE","ChIJMywQ6KlEBEcR12cS15x6z5w","People typically spend 45 min to 2 hr here",57,"http://www.ocuservice.com/",NA,4.2,74,"+48 61 828 86 63","OPERATIONAL","Poznań","Poznań","Wielkopolskie","Poland",NA,52.4146279,16.9057937,"1","26","Kościelna","Jeżyce","60-538",NA,NA,NA
"64","Pik","ChIJ3W8C-a1EBEcRcEqMcExxNCw",NA,NA,"https://pik.poznan.pl/",NA,NA,NA,"+48 602 575 004","OPERATIONAL","Poznań","Poznań","Wielkopolskie","Poland",NA,52.4227094,16.9104193,NA,"3a","Drzymały","Jeżyce","60-613",NA,NA,NA
"65","Fit Expert Poznan","ChIJ89-0E8hEBEcRnTYEeT7tlYE",NA,NA,"http://www.fit-expert.pl/",NA,3.8,48,"+48 500 149 473","OPERATIONAL","Poznań","Poznań","Wielkopolskie","Poland",NA,52.4134506,16.9143709,NA,"57","Poznańska","Jeżyce","60-852",NA,NA,NA
"66","Świat Alkoholi","ChIJk3WhGrVEBEcR781Xs-PrHMo","People typically spend 15 min here",NA,"http://www.amarone.pl/",NA,4,306,"+48 61 227 54 45","OPERATIONAL","Poznań","Poznań","Wielkopolskie","Poland",NA,52.4137802,16.9097398,NA,"35","Poznańska","Jeżyce","60-850",NA,NA,NA
"67","Francuski Łącznik","ChIJS5QZzbFEBEcR8bPNz8tD3uE","People typically spend 30 min to 1.5 hr here",58,"http://www.francuskilacznik.pl/",2,4.3,1227,"+48 500 007 502","OPERATIONAL","Poznań","Poznań","Wielkopolskie","Poland",NA,52.4224481,16.90596,NA,"1","Plac Spiski","Jeżyce","60-101",NA,NA,NA
"68","Radziuk Małgorzata Kancelaria Notarialna","ChIJj5sbzkxbBEcRJ-tDMq4a_vg",NA,NA,"http://www.notariusz-radziuk.pl/",NA,NA,NA,"+48 61 852 28 86","OPERATIONAL","Poznań","Poznań","Wielkopolskie","Poland",NA,52.4185332,16.9154459,NA,"28","aleja Wielkopolska","Jeżyce","60-608",NA,NA,NA
"69","Wielkopolskie Centrum Medycyny Pracy","ChIJ8y3S1kpbBEcRNIAmoEsF_PQ",NA,43,"https://www.wcmp.pl/",NA,2.2,247,"+48 61 846 71 01","OPERATIONAL","Poznań","Poznań","Wielkopolskie","Poland",NA,52.4136348,16.9139359,NA,"55A","Poznańska","Jeżyce","60-852",NA,NA,NA
"70","Stroje Reklamowe - Studio MOPS","ChIJjSuL4bREBEcRGCr-Pk7IbbY",NA,NA,"https://mops.poznan.pl/",NA,5,9,"+48 501 253 075","OPERATIONAL","Poznań","Poznań","Wielkopolskie","Poland",NA,52.4148357,16.9105659,NA,"37","Jeżycka","Jeżyce","60-864",NA,NA,NA
"71","Inventline Tonery Poznań Darmowa dostawa","ChIJI1HNQLNEBEcRI8yvT0v252I",NA,NA,"http://www.inventline.pl/",NA,4.7,41,"+48 61 852 93 34","OPERATIONAL","Poznań","Poznań","Wielkopolskie","Poland",NA,52.4177224,16.9137882,NA,"5","Klin","Jeżyce","60-602",NA,NA,NA
"72","Blue Sky Travel","ChIJkcB36EpbBEcRx8WIbX10aBY",NA,NA,"https://www.bluesky.pl/rezerwacja/",NA,4,72,NA,"OPERATIONAL","Poznań","Poznań","Wielkopolskie","Poland",NA,52.413118,16.914651,NA,"2","Roosevelta","Stare Miasto","60-829",NA,NA,NA
"73","INTEGRO","ChIJmR5A8LREBEcRhPT35aJkOH4",NA,NA,"http://integro-wyceny.com/",NA,1,2,"+48 61 648 98 04","OPERATIONAL","Poznań","Poznań","Wielkopolskie","Poland",NA,52.4153794,16.9101066,NA,"29","Jeżycka","Jeżyce","60-864",NA,NA,NA
"74","Poradnia Leczenia Uzależnień i Wpółuzależnienia","ChIJy3H-p7FEBEcRXdquza2jQJM",NA,NA,"http://www.nzozlitewska.pl/",NA,NA,NA,"+48 61 848 41 85","OPERATIONAL","Poznań","Poznań","Wielkopolskie","Poland",NA,52.4205251,16.9057296,NA,"8","Litewska","Jeżyce","60-605",NA,NA,NA
"75","Dentistry - Bamberski Manor","ChIJhVEUpbZEBEcRYcybzrX6GYo","People typically spend 30 min to 1.5 hr here",NA,"http://www.stomatologiabamberski.pl/",NA,4.5,169,"+48 61 848 49 99","OPERATIONAL","Poznań","Poznań","Wielkopolskie","Poland",NA,52.4170314,16.9056831,"17","1A","Świętego Wawrzyńca","Jeżyce","60-539",NA,NA,NA
"76","Adwokat Kinga Swoboda","ChIJC9E_ocpEBEcRllPAF1JMw_4",NA,NA,"http://www.adwokat-swoboda.pl/",NA,5,7,"+48 604 448 266","OPERATIONAL","Poznań","Poznań","Wielkopolskie","Poland",NA,52.4136682,16.9107269,"5","43","Poznańska","Jeżyce","60-850",NA,NA,NA
"77","Specjalistyczny Ośrodek Leczenia Żylaków ""VENAVITA""","ChIJGz6FS7NEBEcRlDSp5cm5O6s",NA,NA,"http://www.venavita.com/",NA,4.3,11,"+48 61 852 58 80","OPERATIONAL","Poznań","Poznań","Wielkopolskie","Poland",NA,52.4174505,16.914564,NA,"8","Kurpiowska","Jeżyce","60-602",NA,NA,NA
"78","Joker Sp. z o.o.","ChIJkeGEIbNEBEcRLKMRNpozPnU",NA,0,"http://www.joker-security.pl/",NA,3.7,60,"+48 61 852 80 32","OPERATIONAL","Poznań","Poznań","Wielkopolskie","Poland",NA,52.4189104,16.9143277,NA,"36","aleja Wielkopolska","Jeżyce","60-608",NA,NA,NA
"79","Studio Meblowe Boutique Pierrot Poznań","ChIJSc8MNbNEBEcRSijkZMOAL0E",NA,NA,"https://www.meble-prowansalskie.pl/",NA,4.6,11,"+48 516 176 465","OPERATIONAL","Poznań","Poznań","Wielkopolskie","Poland",NA,52.417843,16.9149609,NA,"27","aleja Wielkopolska","Jeżyce","60-603",NA,NA,NA
"80","Winogrady","ChIJ0e5cO6hcBEcRt960AGeHTgc",NA,NA,NA,NA,NA,NA,NA,NA,"Poznań","Poznań","Greater Poland Voivodeship","Poland",NA,52.4306007,16.9363009,NA,NA,NA,"Stare Miasto","61-001","Winogrady",NA,NA
"81","Garbacik Nieruchomości","ChIJAwRN0qhEBEcRPnOGB5ZtdLA",NA,NA,"http://www.garbacik.com/",NA,5,19,"+48 515 270 390","OPERATIONAL","Poznań","Poznań","Wielkopolskie","Poland",NA,52.4228096,16.9070124,"2","3","Podolska","Jeżyce","60-615",NA,NA,NA
"82","Anroko","ChIJR9VmPLNEBEcRkmLFEGtcOko",NA,NA,"http://www.gerda-poznan.pl/",NA,3.8,6,"+48 61 852 68 43","OPERATIONAL","Poznań","Poznań","Wielkopolskie","Poland",NA,52.4182717,16.9139246,NA,"33","aleja Wielkopolska","Jeżyce","60-603",NA,NA,NA
"83","Kancelaria Radcy Prawnego Maciej Wąsiewicz","ChIJUad-NrNEBEcROfCMSS_zbpw",NA,NA,NA,NA,4.3,4,"+48 602 461 605","CLOSED_TEMPORARILY","Poznań","Poznań","Wielkopolskie","Poland",NA,52.4179737,16.9147681,NA,"29","aleja Wielkopolska","Jeżyce","60-603",NA,NA,NA
"84","TT-COM","ChIJn_4SN7NEBEcRPpKTQJErtl0",NA,NA,NA,NA,NA,NA,"+48 61 610 12 74","OPERATIONAL","Poznań","Poznań","Wielkopolskie","Poland",NA,52.41805,16.9145764,NA,"31","aleja Wielkopolska","Jeżyce","60-603",NA,NA,NA
"85","PEBOS POLSKA spółka z ograniczoną odpowiedzialnością spółka komandytowa","ChIJYVILU7NEBEcRpwFI_4IvVPY",NA,NA,"http://www.pebos.pl/",NA,3.9,19,"+48 61 848 40 35","OPERATIONAL","Poznań","Poznań","Wielkopolskie","Poland",NA,52.4168725,16.9144746,NA,"26","Grudzieniec","Jeżyce","60-601",NA,NA,NA
"86","Antech s.c.","ChIJE7GhbrREBEcRPJlvzaAByEg",NA,NA,NA,NA,1,1,NA,"OPERATIONAL","Poznań","Poznań","Wielkopolskie","Poland",NA,52.4164408,16.9087681,NA,"60","Mylna","Jeżyce","60-858",NA,NA,NA
"87",",,FENOM'' Ośrodek Rozwoju i Terapii metodą A.Tomatisa","ChIJ3w-aaLNEBEcR6xIKsx3q_uk",NA,NA,"https://www.fenom.pl/",NA,NA,NA,"+48 61 840 76 10","OPERATIONAL","Poznań","Poznań","Wielkopolskie","Poland",NA,52.4175181,16.9125456,NA,"34","Grudzieniec","Jeżyce","60-601",NA,NA,NA
"88","LexStrada Kancelaria Prawa Pracy Przemysław Dziubak radca prawny","ChIJc0ITGzlbBEcRa7hEnboUOL0",NA,NA,"http://www.lexstrada.pl/",NA,4.6,83,"+48 61 851 69 04","OPERATIONAL","Poznań","Poznań","Wielkopolskie","Poland",NA,52.4154632,16.9100594,"U-3","29","Jeżycka","Jeżyce","60-864",NA,NA,NA
"89","Office and Home - sprzątanie Poznań","ChIJg-z_0LREBEcR7w3SGz89Zew",NA,NA,NA,NA,NA,NA,"+48 61 677 22 42","OPERATIONAL","Poznań","Poznań","Wielkopolskie","Poland",NA,52.41465,16.9125507,NA,"48","Jeżycka","Jeżyce","60-810",NA,NA,NA
"90","WALCZAK - wooden floors - showroom","ChIJAZvkB7VEBEcREfWKCYeBlnU",NA,NA,"http://www.walczakparkiety.pl/",NA,4.9,10,"+48 61 842 76 44","OPERATIONAL","Poznań","Poznań","Wielkopolskie","Poland",NA,52.4140355,16.9086812,NA,"38","Poznańska","Jeżyce","60-850",NA,NA,NA
"91","Perła. Pralnia chemiczna","ChIJXcfwUrREBEcRGfKyqdUxwWI",NA,NA,NA,NA,4.8,30,"+48 61 842 70 48","OPERATIONAL","Poznań","Poznań","Wielkopolskie","Poland",NA,52.4150872,16.9083676,NA,"23","Mylna","Jeżyce","60-856",NA,NA,NA
"92","Biurex","ChIJdYIYEa5EBEcRNKsHXwnxQg4",NA,NA,NA,NA,NA,NA,"+48 602 632 884","OPERATIONAL","Poznań","Poznań","Wielkopolskie","Poland",NA,52.423676,16.909394,NA,"37A","Nad Wierzbakiem","Jeżyce","60-611",NA,NA,NA
"93","Multimoto","ChIJOZ3gsLZEBEcRi0mQVZi2uYo",NA,NA,"http://www.multimoto.pl/",NA,5,16,"+48 61 848 37 37","OPERATIONAL","Poznań","Poznań","Greater Poland Voivodeship","Poland",NA,52.4173393,16.9048201,NA,NA,NA,"Jeżyce, Poznań","60-101",NA,NA,NA
"94","Litewska NZOZ","ChIJH0aoPjVbBEcRrpiQROXt42g",NA,NA,"http://www.nzozlitewska.pl/",NA,5,1,"+48 61 848 41 85","OPERATIONAL","Poznań","Poznań","Wielkopolskie","Poland",NA,52.4205403,16.9057096,NA,"8","Litewska","Jeżyce","60-605",NA,NA,NA
"95","DNA Program","ChIJxxO4IKVEBEcRrooAluG0nAY",NA,NA,"http://dnaprogram.pl/",NA,2.3,3,"+48 61 847 92 50","OPERATIONAL","Poznań","Poznań","Wielkopolskie","Poland",NA,52.4191269,16.9087638,NA,"26","Mazowiecka","Jeżyce","60-623",NA,NA,NA
"96","Żabka","ChIJrXPK9rFEBEcRxNtyJRkcZqY","People typically spend 10 min here",NA,"https://www.zabka.pl/",NA,3.8,201,"+48 61 856 37 00","OPERATIONAL","Poznań","Poznań","Wielkopolskie","Poland",NA,52.421859,16.909077,"1","16","Nad Wierzbakiem","Jeżyce","60-612",NA,NA,NA
"97","POZGUM - Producent wyrobów gumowych. Części gumowe, poduszki, tuleje, wibroizolatory, podkłady","ChIJUSghYbFEBEcRpk7d9KqMI0M",NA,NA,"https://pozgum.pl/",NA,4.9,14,"+48 61 852 31 26","OPERATIONAL","Poznań","Poznań","Wielkopolskie","Poland",NA,52.4190659,16.9074149,NA,"1","Nad Wierzbakiem","Jeżyce","60-604",NA,NA,NA
"98","PREMIO PROMYK SERWIS","ChIJu0KZAwFMBEcRsazxq418VpM","People typically spend 30 min here",0,"http://hurtowniaopon.pl/",NA,4.1,254,"+48 61 847 93 39","OPERATIONAL","Poznań","Poznań","Wielkopolskie","Poland",NA,52.416729,16.9103284,NA,"18","Norwida","Jeżyce","60-867",NA,NA,NA
"99","Adarex s.c. PW","ChIJVTgmPK5EBEcRMUoaaBDSKIM",NA,NA,"http://www.adarex.pl/",NA,4,1,"+48 61 847 37 22","OPERATIONAL","Poznań","Poznań","Wielkopolskie","Poland",NA,52.4238542,16.9085906,NA,"8","Śląska","Jeżyce","60-614",NA,NA,NA
"100","Gabinet Stomatologiczny Jerzy & Andrzej Glabisz","ChIJhaNt5rNEBEcRUgXW6N4KOsI",NA,NA,"http://glabisz.pl/",NA,5,6,"+48 61 853 03 01","OPERATIONAL","Poznań","Poznań","Wielkopolskie","Poland",NA,52.4185912,16.9084755,NA,"60","Grudzieniec","Jeżyce","60-601",NA,NA,NA
"101","Genero - Energooszczędne domy szkieletowe w technologii Steico","ChIJLwsydoNFBEcRHR851n3fXZY",NA,NA,"http://www.genero-domy.pl/",NA,4.8,21,"+48 667 821 007","OPERATIONAL","Poznań","Poznań","Wielkopolskie","Poland",NA,52.4177102,16.9140223,NA,"4","Kurpiowska","Jeżyce","60-602",NA,NA,NA
"102","BRUK-BAU","ChIJL09DnLZEBEcRBPfrWaQmEIE",NA,NA,NA,NA,NA,NA,"+48 603 609 732","CLOSED_TEMPORARILY","Poznań","Poznań","Wielkopolskie","Poland",NA,52.416081,16.9053336,NA,"33","Kościelna","Jeżyce","60-537",NA,NA,NA
"103","Andrzej. Sklep wielobranżowy","ChIJU6OkurZEBEcRRI7cskqR0uA",NA,NA,NA,NA,NA,NA,"+48 61 663 20 58","OPERATIONAL","Poznań","Poznań","Wielkopolskie","Poland",NA,52.4171278,16.9054057,NA,"1B","Świętego Wawrzyńca","Jeżyce","60-539",NA,NA,NA
"104","Lubicz. Biuro obrotu nieruchomościami. Gregorowicz J.","ChIJY1ZP1rFEBEcRwjPQGOXIIbw",NA,NA,NA,NA,NA,NA,"+48 61 852 74 77","CLOSED_TEMPORARILY","Poznań","Poznań","Wielkopolskie","Poland",NA,52.4228603,16.9070598,NA,"3","Podolska","Jeżyce","60-615",NA,NA,NA
"105","EWA DEKOR Studio Dekoracji Wnętrz Ewa Kostera","ChIJV0lEd19FBEcR9clDtZHnLCU",NA,NA,NA,NA,3.4,9,"+48 601 798 779","OPERATIONAL","Poznań","Poznań","Wielkopolskie","Poland",NA,52.4219437,16.9074445,NA,"3","Małopolska","Jeżyce","60-616",NA,NA,NA
"106","GEPHOUSE deweloper i biuro nieruchomości","ChIJtRswUstEBEcRFLFCcILisuE",NA,NA,"http://www.gephouse.pl/",NA,3.2,52,"+48 795 939 073","OPERATIONAL","Poznań","Poznań","Wielkopolskie","Poland",NA,52.4201657,16.9094597,NA,"65A","aleja Wielkopolska","Jeżyce","60-603",NA,NA,NA
"107","Gabinet Leczenia Schorzeń Kręgosłupa","ChIJJfRXDLREBEcRzQe5Td_0QpA",NA,NA,"http://www.nastawianiekregoslupa.pl/",NA,4.6,9,"+48 601 772 423","OPERATIONAL","Poznań","Poznań","Wielkopolskie","Poland",NA,52.4168295,16.9083605,NA,"8","Jeżycka","Jeżyce","60-863",NA,NA,NA
"108","Filo Biuro Rachunkowe Zofia Szczerkowska","ChIJidYGp61EBEcRKOz6BGBiDNE",NA,NA,NA,NA,NA,NA,"+48 501 381 255","OPERATIONAL","Poznań","Poznań","Wielkopolskie","Poland",NA,52.4239479,16.9119704,"1","1","Sokoła","Jeżyce","60-644",NA,NA,NA
"109","Solar","ChIJDUmr2bNEBEcRe93d0Qj5q_4",NA,NA,NA,NA,NA,NA,"+48 61 844 17 72","OPERATIONAL","Poznań","Poznań","Wielkopolskie","Poland",NA,52.4192461,16.9082915,NA,"6","Nad Wierzbakiem","Jeżyce","60-604",NA,NA,NA
"110","Graphdesign Studio","ChIJAYPh-rFEBEcREIdfABQIqPs",NA,NA,"http://graphdesign.eu/",NA,NA,NA,"+48 780 174 242","OPERATIONAL","Poznań","Poznań","Wielkopolskie","Poland",NA,52.4217101,16.9085899,NA,NA,"Nad Wierzbakiem","Jeżyce","60-612",NA,NA,NA
"111","dm-art.pl","ChIJa0clCAZQBEcR9gCCwf2hhjI",NA,NA,NA,NA,4.5,2,"+48 534 403 244","OPERATIONAL","Poznań","Poznań","Wielkopolskie","Poland",NA,52.423515,16.9139669,NA,"12","Maczka","Jeżyce","60-651",NA,NA,NA
"112","Wpusty dachowe, przelewy awaryjne, odwodnienia dachów płaskich - Impol","ChIJharsDLNEBEcRgZtckgGz-Yk",NA,NA,NA,NA,NA,NA,"+48 61 853 30 56","OPERATIONAL","Poznań","Poznań","Wielkopolskie","Poland",NA,52.4178525,16.9117176,NA,"40a","Grudzieniec","Jeżyce","60-601",NA,NA,NA
"113","A.R. Pilarczyk","ChIJEw-EdHlDBEcRWUxslWtg924",NA,NA,"http://www.lazienka4you.pl/",NA,3.5,2,"+48 515 522 590","OPERATIONAL","Poznań","Poznań","Wielkopolskie","Poland",NA,52.4216297,16.9089849,"m 3","14","Nad Wierzbakiem","Jeżyce","60-612",NA,NA,NA
"114","4 Light","ChIJCwDWc7NEBEcRFtzYVsA1pCg",NA,NA,"http://www.4light.pl/",NA,4.8,6,"+48 61 851 73 00","OPERATIONAL","Poznań","Poznań","Wielkopolskie","Poland",NA,52.4179181,16.9119033,NA,"38","Grudzieniec","Jeżyce","60-601",NA,NA,NA
"115","Fundacja L'Arche","ChIJ-b4F8jVDBEcRxgq8jfyM_nw",NA,NA,"http://www.larche.org.pl/",NA,4.6,18,"+48 61 825 62 00","OPERATIONAL","Poznań","Poznań","Wielkopolskie","Poland",NA,52.423308,16.9079491,NA,"13A","Polańska","Jeżyce","60-614",NA,NA,NA
"116","Wróżka Hanka. Wróżby, astrologia, numerologia. Trojanowska H.","ChIJdU2QPrREBEcR6I6I2th6LV4",NA,NA,NA,NA,5,5,"+48 61 848 46 91","OPERATIONAL","Poznań","Poznań","Wielkopolskie","Poland",NA,52.4159413,16.9075056,NA,"54A","Mylna","Jeżyce","60-858",NA,NA,NA
"117","ItIdea","ChIJTQFOUrFEBEcRANbH091XFNY",NA,NA,"http://www.itidea.com.pl/",NA,NA,NA,"+48 61 622 93 44","OPERATIONAL","Poznań","Poznań","Wielkopolskie","Poland",NA,52.417666,16.9060894,NA,"45","Kościelna","Jeżyce","60-537",NA,NA,NA
"118","Wielkopolski Związek Pracodawców Prywatnych","ChIJm4AknLFEBEcRkT_vP2lnA4Q",NA,NA,"http://wzp.org.pl/",NA,NA,NA,"+48 61 848 43 46","OPERATIONAL","Poznań","Poznań","Wielkopolskie","Poland",NA,52.4206231,16.9073132,NA,"3","Litewska","Jeżyce","60-605",NA,NA,NA
"119","Ce-Bud Cezary Latecki","ChIJ_8FCwrFEBEcRo4kSlwDLBQw",NA,NA,NA,NA,NA,NA,"+48 602 120 793","OPERATIONAL","Poznań","Poznań","Wielkopolskie","Poland",NA,52.4220796,16.9074639,NA,"20","Śląska","Jeżyce","60-614",NA,NA,NA
"120","PIANO CZERNIAK. Remonty, strojenie i sprzedaż fortepianów","ChIJC3JtcrNEBEcRE6eg8e5gaMY",NA,NA,"http://www.piano-czerniak.pl/",NA,4.9,22,"+48 601 882 260","OPERATIONAL","Poznań","Poznań","Wielkopolskie","Poland",NA,52.4178314,16.9124246,NA,"7","Łady","Jeżyce","60-602",NA,NA,NA
"121","Poznań","ChIJtwrh7NJEBEcR0b80A5gx6qQ",NA,NA,"http://www.poznan.pl/",NA,NA,NA,NA,NA,"Poznań","Poznań","Greater Poland Voivodeship","Poland","62",52.406374,16.9251681,NA,NA,NA,NA,NA,NA,NA,NA
"122","Hotel Vivaldi Poznań","ChIJN0orUFJbBEcR8sfbzarbIzo",NA,NA,"http://www.vivaldi.pl/poznan",NA,4.5,1034,"+48 61 858 81 00","OPERATIONAL","Poznań","Poznań","Wielkopolskie","Poland",NA,52.4229845,16.9234688,NA,"9","Winogrady","Stare Miasto","61-663",NA,NA,NA
"123","IKAR Poznań","ChIJwzA6H0lbBEcRxe10RpMFtj8",NA,NA,"https://phhhotele.pl/hotele/poznan-ikar/",NA,3.6,1158,NA,"OPERATIONAL","Poznań","Poznań","Wielkopolskie","Poland",NA,52.4135493,16.9245149,NA,"18","Solna","Stare Miasto","61-736",NA,NA,NA
"124","Bell of Peace and Friendship Among Nations","ChIJTRNsxVpbBEcRMw8nNndL4rs",NA,NA,NA,NA,4.5,243,NA,"OPERATIONAL","Poznań","Poznań","Greater Poland Voivodeship","Poland",NA,52.4196016,16.9356894,NA,NA,NA,"Stare Miasto","60-995",NA,NA,NA
"125","Pomnik Armii Poznań","ChIJZ8tb8UVbBEcR3WlOO6tDNW0","People typically spend 15 min to 1 hr here",NA,NA,NA,4.8,189,NA,"OPERATIONAL","Poznań","Poznań","Greater Poland Voivodeship","Poland",NA,52.4151633,16.9305405,NA,NA,NA,"Stare Miasto","61-001",NA,NA,NA
"126","Faculty of Law and Administration of the Adam Mickiewicz University","ChIJM6Kr0U5bBEcRRCgSvHtoA54",NA,NA,"http://www.prawo.amu.edu.pl/",NA,4,93,"+48 61 829 31 00","OPERATIONAL","Poznań","Poznań","Wielkopolskie","Poland",NA,52.4162128,16.9257276,NA,"53","Aleja Niepodległości","Stare Miasto","61-714",NA,NA,NA
"127","Piper Cytadela Apartament","ChIJL3CxaFFbBEcRKPdpZn1i6tA",NA,NA,"https://piper-cytadela-apartament.business.site/",NA,4.5,26,"+48 600 222 010","OPERATIONAL","Poznań","Poznań","Wielkopolskie","Poland",NA,52.4242014,16.9280853,NA,"122","Za Cytadelą","Stare Miasto","61-459",NA,NA,NA
"128","Collegium Da Vinci","ChIJ-TdtjkVbBEcRZ5vnSObxMAY",NA,NA,"https://cdv.pl/",NA,4,278,"+48 61 271 10 00","OPERATIONAL","Poznań","Poznań","Wielkopolskie","Poland",NA,52.4158782,16.9316779,NA,"10","Kutrzeby","Stare Miasto","61-719",NA,NA,NA
"129","Pokoje dla pracowników","ChIJJXk1pU5bBEcRm3USRdVdA2M",NA,NA,NA,NA,NA,NA,"+48 737 477 205","CLOSED_TEMPORARILY","Poznań","Poznań","Wielkopolskie","Poland",NA,52.4159958,16.9233027,NA,"12","Cicha","Stare Miasto","61-710",NA,NA,NA
"130","Silvan Logistics - Spedycja Poznań","ChIJR7-XeE9bBEcRakxLaSzHSjQ",NA,NA,"https://silvan-logistics.com/oddzial/poznan/?utm_source=google&utm_medium=organic&utm_term=GMB&utm_campaign=poznan",NA,3.5,93,"+48 887 555 771","OPERATIONAL","Poznań","Poznań","Wielkopolskie","Poland",NA,52.41667,16.931138,"124","16G","Kutrzeby","Stare Miasto","61-719",NA,NA,NA
"131","Sąd Okręgowy","ChIJj68RyUdbBEcREZULQH-oshs","People typically spend 20 min to 2 hr here",83,"http://www.poznan.so.gov.pl/",NA,4.1,336,"+48 61 628 30 00","OPERATIONAL","Poznań","Poznań","Wielkopolskie","Poland",NA,52.4138096,16.9283224,NA,"2","Stanisława Hejmowskiego","Stare Miasto","61-736",NA,NA,NA
"132","Sejmik Województwa Wielkopolskiego","ChIJNy_4AkpbBEcR6BDSzUAZvKw",NA,NA,"https://www.umww.pl/sejmik",NA,5,1,"+48 61 626 70 30","OPERATIONAL","Poznań","Poznań","Wielkopolskie","Poland",NA,52.4145549,16.925128,NA,"34","Aleja Niepodległości","Stare Miasto","61-714",NA,NA,NA
"133","Flos Carmeli. Wydawnictwo Warszawskiej Prowincji Karmelitów Bosych","ChIJm33Xa0ZbBEcRQ97dkhwv-vE",NA,NA,"http://floscarmeli.pl/",NA,5,6,"+48 61 856 08 34","OPERATIONAL","Poznań","Poznań","Wielkopolskie","Poland",NA,52.413477,16.9302867,NA,"25","Działowa","Stare Miasto","61-747",NA,NA,NA
"134","Wzgórze św. Wojciecha","ChIJrd9S4kVbBEcR8IM6Lfo3HrQ",NA,NA,NA,NA,4.6,565,NA,"OPERATIONAL","Poznań","Poznań","Wielkopolskie","Poland",NA,52.4129734,16.9299711,NA,NA,"Święty Wojciech","Stare Miasto","61-764",NA,NA,NA
"135","Tableart Tomasz Miszczak","ChIJyUaafE9bBEcRau9LbTtS5Ys",NA,NA,"https://tableart.pl/?utm_source=gmf&utm_medium=organic&utm_campaign=gmf2",NA,5,1,"+48 690 189 713","OPERATIONAL","Poznań","Poznań","Wielkopolskie","Poland",NA,52.4162184,16.9301002,NA,"14","Kutrzeby","Stare Miasto","61-719",NA,NA,NA
"136","Główny Punkt Informacyjny Funduszy Europejskich","ChIJ6aHolUFbBEcRFturVF1-pzQ",NA,NA,"http://www.wrpo.wielkopolskie.pl/",NA,NA,NA,"+48 61 626 61 93","OPERATIONAL","Poznań","Poznań","Wielkopolskie","Poland",NA,52.414635,16.9253841,NA,"34","Aleja Niepodległości","Stare Miasto","61-714",NA,NA,NA
"137","Mytko-Krzywkowska Anna, lek. med. Spec. kardiolog dziecięcy","ChIJW9o890tbBEcRopwqzkez1q4",NA,NA,NA,NA,5,2,"+48 61 859 03 09","OPERATIONAL","Poznań","Poznań","Wielkopolskie","Poland",NA,52.4154402,16.9209048,NA,"16","Sporna","Stare Miasto","61-709",NA,NA,NA
"138","Aula Artis","ChIJ6V5tjkVbBEcRWt6K59OMLlA",NA,NA,"http://www.aulaartis.pl/",NA,4.5,984,NA,"OPERATIONAL","Poznań","Poznań","Wielkopolskie","Poland",NA,52.4158079,16.9315249,NA,"10","Kutrzeby","Stare Miasto","61-719",NA,NA,NA
"139","Uniqa S.A. Towarzystwo Ubezpieczeń. Przedstawicielstwo","ChIJGSrqYU9bBEcR9NR6O6Kg7gQ",NA,NA,"https://uniqa.ubezpieczenie.com.pl/placowki_towarzystwa/0,5170.html",NA,3.2,10,"+48 513 053 150","OPERATIONAL","Poznań","Poznań","Wielkopolskie","Poland",NA,52.415997,16.9305274,NA,"12A","Kutrzeby","Stare Miasto","61-719",NA,NA,NA
"140","Winogrady","ChIJ0e5cO6hcBEcRt960AGeHTgc",NA,NA,NA,NA,NA,NA,NA,NA,"Poznań","Poznań","Greater Poland Voivodeship","Poland",NA,52.4306007,16.9363009,NA,NA,NA,"Stare Miasto","61-001","Winogrady",NA,NA
"141","Bauder Polska Sp. z o.o.","ChIJr-SkjEVbBEcR9SUd70NBLzA",NA,NA,"http://www.bauder.pl/",NA,4.7,10,"+48 61 885 79 00","OPERATIONAL","Poznań","Poznań","Wielkopolskie","Poland",NA,52.4168312,16.9301215,"141","16G","Kutrzeby","Stare Miasto","61-719",NA,NA,NA
"142","Hufiec ZHP Piast","ChIJv_8fElFbBEcRkK-_3WYEMDM",NA,NA,"http://www.staremiasto.zhp.wlkp.pl/",NA,5,2,"+48 61 825 06 41","OPERATIONAL","Poznań","Poznań","Wielkopolskie","Poland",NA,52.4233602,16.9293831,NA,"121","Za Cytadelą","Stare Miasto","61-626",NA,NA,NA
"143","E-medic Sp. z o.o.","ChIJQUM_ZE9bBEcRfwuDWOiuDMc",NA,NA,NA,NA,NA,NA,"+48 602 536 076","OPERATIONAL","Poznań","Poznań","Wielkopolskie","Poland",NA,52.4159088,16.9301454,NA,"16","Kutrzeby","Stare Miasto","61-719",NA,NA,NA
"144","CLS Digital. Identyfikatory, karty plastikowe, identyfikacja","ChIJR7-XeE9bBEcR4U8T7gVt75w",NA,NA,"https://clsdigital.pl/?utm_source=gmf&utm_medium=organic&utm_campaign=gmf2",NA,4,4,"+48 61 222 49 03","OPERATIONAL","Poznań","Poznań","Wielkopolskie","Poland",NA,52.4168767,16.9303789,"142","16G","Kutrzeby","Stare Miasto","61-719",NA,NA,NA
"145","Zegarmistrz Brokot","ChIJA5neOFJbBEcRz3o7_UdpWn0",NA,NA,"http://www.brokot.com.pl/",NA,4.3,27,"+48 61 852 71 31","OPERATIONAL","Poznań","Poznań","Wielkopolskie","Poland",NA,52.4224496,16.9243792,NA,"6","Winogrady","Stare Miasto","61-663",NA,NA,NA
"146","aPit Sp. z o.o. Doradca podatkowy","ChIJtVpuzFNbBEcRdnFXC5JD7jk",NA,NA,"http://www.apit.pl/",NA,4.2,5,"+48 61 667 33 50","OPERATIONAL","Poznań","Poznań","Wielkopolskie","Poland",NA,52.4233484,16.9252752,NA,"16","Winogrady","Stare Miasto","61-663",NA,NA,NA
"147","Śwital Radosław. Kancelaria radcy prawnego","ChIJBS_yKTxbBEcRfRdbko1wr-8",NA,NA,"http://swital.pl/kontakt.html",NA,1,1,"+48 61 850 10 10","OPERATIONAL","Poznań","Poznań","Wielkopolskie","Poland",NA,52.4168424,16.9307842,"121","16g","Kutrzeby","Stare Miasto","61-719",NA,NA,NA
"148","Dermoscience. Kosmetologia","ChIJR7-XeE9bBEcRTiYXcJaKc00",NA,NA,NA,NA,NA,NA,"+48 61 855 02 02","CLOSED_TEMPORARILY","Poznań","Poznań","Wielkopolskie","Poland",NA,52.4167299,16.9300126,NA,"16G","Kutrzeby","Stare Miasto","61-001",NA,NA,NA
"149","ILS. International Language Service. Sp. z o.o.","ChIJU7cFMFJbBEcRvglpF2FeOgk",NA,NA,"http://www.ils-poland.com.pl/",NA,NA,NA,"+48 61 821 94 41","OPERATIONAL","Poznań","Poznań","Wielkopolskie","Poland",NA,52.4224929,16.9248375,NA,"142","Za Cytadelą","Stare Miasto","61-659",NA,NA,NA
"150","AMB Poland Sp. z o.o.","ChIJKyJCnU9bBEcR6WP_FU7qDc8",NA,NA,NA,NA,5,2,"+48 61 222 49 04","OPERATIONAL","Poznań","Poznań","Wielkopolskie","Poland",NA,52.4169055,16.9303953,NA,NA,NA,"Stare Miasto","61-719",NA,NA,NA
"151","ARDENICO Adrian Blandzi","ChIJwb2lb09bBEcRTAkf8he1UeY",NA,NA,NA,NA,NA,NA,"+48 517 050 538","OPERATIONAL","Poznań","Poznań","Wielkopolskie","Poland",NA,52.4168911,16.9305207,NA,"16D","Kutrzeby","Stare Miasto","61-719",NA,NA,NA
"152","ProfMedica- Dr hab. Agnieszka Permoda-Osip","ChIJB24ZgEVbBEcRayxk48PMJHo",NA,NA,NA,NA,5,4,"+48 61 852 66 66","OPERATIONAL","Poznań","Poznań","Wielkopolskie","Poland",NA,52.416794,16.931077,NA,"16","Kutrzeby","Stare Miasto","61-719",NA,NA,NA
"153","Fabryka Mebli Biurowych MARO - SALON FIRMOWY","ChIJ862QZTBbBEcRNS_DkIEHdU8",NA,NA,"http://www.maro.pl/",NA,4,5,"+48 782 699 989","OPERATIONAL","Poznań","Poznań","Wielkopolskie","Poland",NA,52.4166332,16.92962,"107","16a","Kutrzeby","Stare Miasto","61-719",NA,NA,NA
"154","Silkworms Gallery","ChIJ6V5tjkVbBEcRx6VuqLpwT7E",NA,NA,NA,NA,NA,NA,"+48 503 961 157","CLOSED_TEMPORARILY","Poznań","Poznań","Wielkopolskie","Poland",NA,52.4156753,16.9309822,NA,"10","Kutrzeby","Stare Miasto","61-719",NA,NA,NA
"155","Żabka","ChIJkytfY09bBEcRgi6TTcxwK8g","People typically spend 15 min here",9,"https://www.zabka.pl/",NA,4.4,259,"+48 61 856 37 00","OPERATIONAL","Poznań","Poznań","Wielkopolskie","Poland",NA,52.4162318,16.9300835,NA,"14","Kutrzeby","Stare Miasto","61-719",NA,NA,NA
"156","Handrog Sp. z o.o.","ChIJyUaafE9bBEcRD7xs6jtHVDU",NA,NA,"http://www.handrog.com.pl/",NA,NA,NA,"+48 61 853 20 06","OPERATIONAL","Poznań","Poznań","Wielkopolskie","Poland",NA,52.4161996,16.9303843,NA,"14","Kutrzeby","Stare Miasto","61-719",NA,NA,NA
"157","centrakonferencyjne.com.pl - wynajem sal szkoleniowych","ChIJo-YjjEVbBEcRC2rYDQTGKpc",NA,NA,NA,NA,5,7,"+48 61 858 43 73","CLOSED_TEMPORARILY","Poznań","Poznań","Wielkopolskie","Poland",NA,52.415783,16.931004,NA,"10","Kutrzeby","Stare Miasto","61-719",NA,NA,NA
"158","Nierozpoznani","ChIJK6vTY1pbBEcRHzCZNqhHBas",NA,NA,NA,NA,4.6,425,NA,"OPERATIONAL","Poznań","Poznań","Wielkopolskie","Poland",NA,52.4218194,16.9355167,NA,NA,"Winogrady","Stare Miasto","60-995",NA,NA,NA
"159","Nadstaga. Zakład ogólnobudowlany","ChIJbfZsJkxbBEcRgnSxTXYfPps",NA,NA,NA,NA,NA,NA,"+48 61 851 79 07","CLOSED_TEMPORARILY","Poznań","Poznań","Wielkopolskie","Poland",NA,52.4173023,16.9226619,NA,"30","Pułaskiego","Stare Miasto","60-607",NA,NA,NA
"160","DOM COMPLEX NIERUCHOMOŚCI","ChIJDRYTklRbBEcRSqOEBH6lckM",NA,NA,"http://www.domcomplex.pl/",NA,4.8,19,"+48 502 669 836","OPERATIONAL","Poznań","Poznań","Wielkopolskie","Poland",NA,52.4235296,16.9254305,NA,"18","Winogrady","Stare Miasto","61-001",NA,NA,NA
"161","Wielkopolski Związek Lekkiej Atletyki","ChIJbfZsJkxbBEcRC0OtpKmFgEg",NA,NA,"http://wzla.poznan.pl/",NA,4.6,5,"+48 61 852 86 32","OPERATIONAL","Poznań","Poznań","Wielkopolskie","Poland",NA,52.4188037,16.9228164,NA,NA,"Pułaskiego","Stare Miasto","60-607",NA,NA,NA
"162","Słowińscy. S.j. Biuro handlowe","ChIJkX9-S1JbBEcRPDxFULrvXAw",NA,NA,"http://www.oknaslowinscy.pl/",NA,5,55,"+48 519 323 600","OPERATIONAL","Poznań","Poznań","Wielkopolskie","Poland",NA,52.4231415,16.9242417,NA,"27","Winogrady","Stare Miasto","61-663",NA,NA,NA
"163","Sklep Biegacza","ChIJ2Vu6M09bBEcRv4a-DeaAJ8I","People typically spend 20-45 min here",NA,"https://sklepbiegacza.pl/?utm_source=google&utm_medium=link&utm_campaign=wizytowka_poznan",NA,4.4,306,"+48 536 302 728","OPERATIONAL","Poznań","Poznań","Wielkopolskie","Poland",NA,52.4150833,16.927047,NA,"36","Aleja Niepodległości","Stare Miasto","61-714",NA,NA,NA
"164","Coworking Re-kreacja","ChIJISOcMU9bBEcRjRsTxmRS0TY",NA,NA,NA,NA,4,2,"+48 61 852 37 62","OPERATIONAL","Poznań","Poznań","Wielkopolskie","Poland",NA,52.4150832,16.9270473,NA,"36","Aleja Niepodległości","Stare Miasto","61-714",NA,NA,NA
"165","Tato Studio","ChIJ_0M9KVJbBEcRqE5n10Rxwzg",NA,NA,"http://tato.studio/",NA,5,9,"+48 511 909 115","OPERATIONAL","Poznań","Poznań","Wielkopolskie","Poland",NA,52.4230394,16.9253427,NA,"128","Za Cytadelą","Stare Miasto","61-659",NA,NA,NA
"166","Lidl","ChIJf3fES0RbBEcRi4uyTc1jFZ8","People typically spend 20 min here",30,"https://www.lidl.pl/",NA,4.3,1395,"+48 61 880 30 00","OPERATIONAL","Poznań","Poznań","Wielkopolskie","Poland",NA,52.415348,16.9347151,NA,"2","Ku Cytadeli","Stare Miasto","61-719",NA,NA,NA
"167","Adchitects Sp. z o.o.","ChIJOYZ8uSdFBEcR-V_eMB9S_g8",NA,NA,"https://adchitects.co/",NA,4.7,23,"+48 602 128 664","OPERATIONAL","Poznań","Poznań","Wielkopolskie","Poland",NA,52.4149623,16.9268663,NA,"36","Aleja Niepodległości","Stare Miasto","61-714",NA,NA,NA
"168","JB Development","ChIJvbvr_BlEBEcRHq8gYvLzZk8",NA,NA,"http://www.jbdevelopment.pl/",NA,NA,NA,"+48 61 640 37 00","OPERATIONAL","Poznań","Poznań","Wielkopolskie","Poland",NA,52.4151777,16.9346917,NA,"2","Ku Cytadeli","Stare Miasto","61-722",NA,NA,NA
"169","Eurofuxx Polska Sp. z o.o.","ChIJtVpuzFNbBEcRkQl3CrNJVIo",NA,NA,"http://www.eurofuxx.pl/",NA,NA,NA,"+48 61 639 79 05","OPERATIONAL","Poznań","Poznań","Greater Poland Voivodeship","Poland",NA,52.4235333,16.9254184,NA,NA,NA,"Stare Miasto","61-001",NA,NA,NA
"170","Non-Public Primary and Secondary School Open Door","ChIJ31u6M09bBEcRYhLHA8NQB7U",NA,NA,"http://otwarte-drzwi.pl/",NA,4.6,24,"+48 505 222 692","OPERATIONAL","Poznań","Poznań","Wielkopolskie","Poland",NA,52.4149233,16.9263883,NA,"36","Aleja Niepodległości","Stare Miasto","61-714",NA,NA,NA
"171","Student Depot Poznań","ChIJtWAfM09bBEcRHl0vtaMCToc",NA,NA,"https://studentdepot.pl/nasze-akademiki/akademik-poznan/",NA,3.9,400,"+48 500 562 190","OPERATIONAL","Poznań","Poznań","Wielkopolskie","Poland",NA,52.4149141,16.9263675,NA,"36","Aleja Niepodległości","Stare Miasto","61-714",NA,NA,NA
"172","Lemax Lingerie. Producent bielizny damskiej","ChIJb8VSw1NbBEcRkeAb4M_qWwE",NA,NA,"http://www.lemax.com.pl/",NA,NA,NA,"+48 61 820 36 36","OPERATIONAL","Poznań","Poznań","Wielkopolskie","Poland",NA,52.4241019,16.9262852,NA,"26","Winogrady","Stare Miasto","61-663",NA,NA,NA
"173","Spektr Sp. z o.o.","ChIJteaLS1JbBEcR1i2S3I8Z_GA",NA,NA,"http://partnersclub.pl/",NA,NA,NA,"+48 61 820 31 82","OPERATIONAL","Poznań","Poznań","Wielkopolskie","Poland",NA,52.4230605,16.9242299,NA,"25","Winogrady","Stare Miasto","61-001",NA,NA,NA
"174","Programa - Software House Poznań","ChIJGVtIyVNbBEcRolILnfOA2nM",NA,NA,"http://programa.pl/",NA,4.8,11,"+48 508 692 367","OPERATIONAL","Poznań","Poznań","Wielkopolskie","Poland",NA,52.4235583,16.9254505,NA,"18A","Winogrady","Stare Miasto","61-663",NA,NA,NA
"175","StethoMe","ChIJzWrUVyRbBEcRCWwzvbhc0as",NA,NA,"http://www.stethome.com/",NA,5,10,"+48 574 404 576","OPERATIONAL","Poznań","Poznań","Wielkopolskie","Poland",NA,52.4235584,16.9254503,NA,"18a","Winogrady","Stare Miasto","61-663",NA,NA,NA
"176","Merkuriusz. Miesięcznik","ChIJKc0JZlFbBEcRbGzVJgDe7W8",NA,NA,NA,NA,NA,NA,"+48 61 827 59 54","OPERATIONAL","Poznań","Poznań","Wielkopolskie","Poland",NA,52.4244847,16.9267926,NA,"2","Żniwna","Stare Miasto","61-663",NA,NA,NA
"177","Library and Information Centre","ChIJ00wRw05bBEcRk9C_rqQsWUA",NA,NA,"http://prawo.amu.edu.pl/strona-glowna/jednostki-organizacyjne/biblioteka",NA,NA,NA,"+48 61 829 31 48","OPERATIONAL","Poznań","Poznań","Wielkopolskie","Poland",NA,52.4154135,16.9249352,NA,"53","Aleja Niepodległości","Stare Miasto","61-714",NA,NA,NA
"178","Kettlebell 360","ChIJ6SMbMkxbBEcRrkz-pklUgbg",NA,NA,NA,NA,NA,NA,"+48 798 068 132","CLOSED_TEMPORARILY","Poznań","Poznań","Wielkopolskie","Poland",NA,52.4173779,16.9225062,NA,"30","Pułaskiego","Stare Miasto","60-607",NA,NA,NA
"179","ModelArt 3D","ChIJ89kG-UtbBEcRljrbKP01BxQ",NA,NA,NA,NA,4.6,8,"+48 61 852 43 09","OPERATIONAL","Poznań","Poznań","Wielkopolskie","Poland",NA,52.4158241,16.9234182,NA,"15","Cicha","Stare Miasto","61-710",NA,NA,NA
"180","Philips Andrzej. Kancelaria adwokacka.","ChIJbeKBzk5bBEcRmwJjxyuJAGA",NA,NA,"http://www.aphilips.com/",NA,NA,NA,"+48 509 904 645","OPERATIONAL","Poznań","Poznań","Wielkopolskie","Poland",NA,52.415262,16.9243237,NA,"51","Aleja Niepodległości","Stare Miasto","61-714",NA,NA,NA
"181","Poznań","ChIJtwrh7NJEBEcR0b80A5gx6qQ",NA,NA,"http://www.poznan.pl/",NA,NA,NA,NA,NA,"Poznań","Poznań","Greater Poland Voivodeship","Poland","62",52.406374,16.9251681,NA,NA,NA,NA,NA,NA,NA,NA
"182","Władysław Czarnecki Park","ChIJh79YA6tcBEcRRd7q3OuJyms","People typically spend up to 45 min here",39,NA,NA,4.6,733,NA,"OPERATIONAL","Poznań","Poznań","Greater Poland Voivodeship","Poland",NA,52.4339719,16.92926,NA,NA,NA,"Stare Miasto","60-101",NA,NA,NA
"183","Winogradzka Telewizja Kablowa","ChIJEXSaWFVbBEcRZ26o9S-PaHE",NA,NA,"https://wtvk.pl/",NA,3.6,220,"+48 61 630 32 71","OPERATIONAL","Poznań","Poznań","Wielkopolskie","Poland",NA,52.4315237,16.9249883,NA,"24","osiedle Przyjaźni","Stare Miasto","61-686",NA,NA,NA
"184","Klinika Małych Zwierząt Wąsiatycz","ChIJnQWb_1RDBEcRGKXwec5QL_k",NA,NA,"http://www.klinwet.pl/",NA,3.3,907,"+48 61 823 09 97","OPERATIONAL","Poznań","Poznań","Wielkopolskie","Poland",NA,52.4349179,16.9216548,NA,"18","Księcia Mieszka I","Stare Miasto","61-689",NA,NA,NA
"185","Bar u Grochowej","ChIJbYpAhqxEBEcRFmarLvDnKjY","People typically spend 30 min to 1.5 hr here",NA,"https://barugrochowej.net/",2,4.4,761,"+48 698 006 345","OPERATIONAL","Poznań","Poznań","Wielkopolskie","Poland",NA,52.4268522,16.9170342,NA,"65A","Piątkowska","Jeżyce","60-648",NA,NA,NA
"186","Church of the St. Stanislaus Kostka","ChIJXcrqu6lEBEcRmesPd2afgTw",NA,NA,"http://www.stanislawkostka.pl",NA,4.6,379,"+48 61 823 35 87","OPERATIONAL","Poznań","Poznań","Wielkopolskie","Poland",NA,52.4309523,16.9126009,NA,"8","Rejtana","Jeżyce","60-653",NA,NA,NA
"187","Hala sportowa Uniwersytetu Ekonomicznego","ChIJg3s0ilRbBEcR7OP60u3shGs",NA,NA,"https://ue.poznan.pl/studenci/studium-wychowania-fizycznego-i-sportu/",NA,4.3,61,"+48 61 825 06 01","OPERATIONAL","Poznań","Poznań","Wielkopolskie","Poland",NA,52.4260442,16.9244741,NA,"9","Dożynkowa","Stare Miasto","61-622",NA,NA,NA
"188","Monday Development SA","ChIJgf8ojKlEBEcRgFCeSY0kcVI",NA,NA,"http://www.mondaydevelopment.pl/?utm_source=gmf&utm_medium=organic&utm_campaign=gmf2",NA,3.6,19,"+48 61 670 50 00","OPERATIONAL","Poznań","Poznań","Wielkopolskie","Poland",NA,52.4319821,16.9149167,NA,"116","Piątkowska","Stare Miasto","60-649",NA,NA,NA
"189","Klinika Misja Sokoła (dawniej Medyk Poliklinika)","ChIJ4zuWUqlEBEcRzfaqcFg9a5A","People typically spend 20 min to 1 hr here",100,"http://www.klinikamisjasokola.pl/",NA,3.6,36,"+48 61 849 04 93","OPERATIONAL","Poznań","Poznań","Wielkopolskie","Poland",NA,52.4278109,16.9119084,NA,"38","Sokoła","Jeżyce","60-644",NA,NA,NA
"190","Zespół Szkół Przemysłu Spożywczego im. J.J. Śniadeckich","ChIJtefTylVbBEcR-NZzmriaaWw",NA,NA,"http://www.zsps.poznan.pl/",NA,3,43,"+48 61 820 00 91","OPERATIONAL","Poznań","Poznań","Wielkopolskie","Poland",NA,52.4284414,16.9278159,NA,"19","Warzywna","Stare Miasto","60-995",NA,NA,NA
"191","Przychodnia studencka Piątkowska 94 Poznań","ChIJeSd3NqpEBEcRhPZ9HHBHq7M",NA,NA,"https://sites.google.com/view/city-med-poznan",NA,2.3,38,"+48 61 846 65 13","OPERATIONAL","Poznań","Poznań","Wielkopolskie","Poland",NA,52.4301176,16.917124,NA,"94","Piątkowska","Stare Miasto","60-649",NA,"wejście A",NA
"192","Church of Sts. John Bosco","ChIJc_FFzFVbBEcRVk0_gKlDohA",NA,NA,"https://winogrady.salezjanie.pl/",NA,4.4,409,"+48 508 862 252","OPERATIONAL","Poznań","Poznań","Wielkopolskie","Poland",NA,52.4280969,16.9293317,NA,"17","Warzywna","Stare Miasto","60-658",NA,NA,NA
"193","MMT Sp. z o.o. sp. k.","ChIJx2F5D1VbBEcRajMVdoSfiDw",NA,NA,NA,NA,4.5,2,"+48 61 825 03 67","OPERATIONAL","Poznań","Poznań","Wielkopolskie","Poland",NA,52.4309371,16.926882,NA,"132B","osiedle Przyjaźni","Stare Miasto","61-686",NA,NA,NA
"194","Medical Center Dynasplint","ChIJY5EXklRbBEcRKmjvH3HhEdo","People typically spend 30 min to 1 hr here",34,"http://www.dynasplint.pl/",NA,4.8,188,"+48 61 821 65 39","OPERATIONAL","Poznań","Poznań","Wielkopolskie","Poland",NA,52.4277281,16.9250028,NA,"36b","Słowiańska","Stare Miasto","61-664",NA,NA,NA
"195","Dom Opiekuńczo - Wychowawczy dla Dziewcząt im. bł. M. Karłowskiej","ChIJWYY9SlZDBEcR2iApDG9Eu9M",NA,NA,"https://www.domydziecka.org/placowka,1692.html",NA,2.9,7,"+48 61 823 35 82","OPERATIONAL","Poznań","Poznań","Wielkopolskie","Poland",NA,52.4345292,16.9138891,NA,"148","Piątkowska","Stare Miasto","61-823",NA,NA,NA
"196","Eltronic Serwis RTV","ChIJn9iGo6pEBEcRHNAzHtNr2t8",NA,NA,"http://www.serwis-rtv-poznan.pl/",NA,4.1,84,"+48 61 820 20 40","OPERATIONAL","Poznań","Poznań","Wielkopolskie","Poland",NA,52.4318369,16.9222523,NA,"19 L","osiedle Przyjaźni","Stare Miasto","61-689",NA,NA,NA
"197","Enina","ChIJtb85tz5FBEcRb_VbiDIhJ4s",NA,NA,"http://enina.pl/",NA,5,13,"+48 603 462 157","OPERATIONAL","Poznań","Poznań","Wielkopolskie","Poland",NA,52.4314923,16.9165006,NA,"19","Napoleońska","Stare Miasto","61-671",NA,NA,NA
"198","NOVAX","ChIJeeyhn6xEBEcRadwxdfINxws","People typically spend 25 min here",NA,"http://www.novax.pl/",NA,4.3,349,"+48 61 852 15 03","OPERATIONAL","Poznań","Poznań","Wielkopolskie","Poland",NA,52.4267008,16.9186365,NA,"76","Piątkowska","Stare Miasto","61-492",NA,NA,NA
"199","Apteka Dr.Max","ChIJ998b76tEBEcRZboiDUIQmvI","People typically spend 10 min here",NA,"http://www.drmax.pl/",NA,3.2,119,"+48 61 840 19 00","OPERATIONAL","Poznań","Poznań","Wielkopolskie","Poland",NA,52.4282701,16.9156948,NA,"87B","Piątkowska","Jeżyce","60-650",NA,NA,NA
"200","Winogrady","ChIJ0e5cO6hcBEcRt960AGeHTgc",NA,NA,NA,NA,NA,NA,NA,NA,"Poznań","Poznań","Greater Poland Voivodeship","Poland",NA,52.4306007,16.9363009,NA,NA,NA,"Stare Miasto","61-001","Winogrady",NA,NA
"201","Kaufland Poznań","ChIJUx0mPqtcBEcRE2zV8XS1Aro","People typically spend 25 min here",46,"http://www.kaufland.pl/?cid=F19054B02C1200K01000W01030000",NA,4.2,5427,"+48 800 300 062","OPERATIONAL","Poznań","Poznań","Wielkopolskie","Poland",NA,52.4350166,16.9276836,NA,"42","Aleje Solidarności","Stare Miasto","61-696",NA,NA,NA
"202","Apteka Wielkopolska","ChIJC5woPqtcBEcRGjArNEF778o",NA,NA,"http://www.wga.pl/",NA,3.8,24,"+48 61 828 89 96","OPERATIONAL","Poznań","Poznań","Wielkopolskie","Poland",NA,52.4352112,16.927116,NA,"42","Aleje Solidarności","Stare Miasto","61-696",NA,NA,"Kaufland"
"203","Bikland","ChIJc089IldDBEcRl9ZwtyQT4eU",NA,NA,"http://www.biklandpoznan.pl/",NA,4,138,"+48 61 828 71 47","OPERATIONAL","Poznań","Poznań","Wielkopolskie","Poland",NA,52.4350811,16.9203215,NA,NA,NA,"Stare Miasto","61-623",NA,NA,NA
"204","Delta Biuro Tłumaczeń i Obsługi Biznesu","ChIJpYQAqFRbBEcRYmzS9DLWTDI",NA,NA,"http://www.delta-translators.com.pl/",NA,4.7,14,"+48 61 828 80 81","OPERATIONAL","Poznań","Poznań","Wielkopolskie","Poland",NA,52.4267817,16.9225553,"5","1a","Starowiejska","Stare Miasto","61-664",NA,NA,NA
"205","Diagnostyka. Laboratoria Medyczne.","ChIJT6RfPVVbBEcR64K6CfXOT5Y",NA,NA,"https://diag.pl/katalogi/placowki/poznan/punkt-pobran-diagnostyki-poznan-os-przyjazni-133/",NA,NA,NA,"+48 663 635 980","CLOSED_TEMPORARILY","Poznań","Poznań","Wielkopolskie","Poland",NA,52.4295772,16.9246643,NA,"133","osiedle Przyjaźni","Stare Miasto","61-686",NA,NA,NA
"206","Bank Pekao","ChIJaV_uw1RDBEcRIhV8tG6_1BM","People typically spend 20 min here",5,"http://www.pekao.com.pl/",NA,2.1,61,"+48 61 849 89 10","OPERATIONAL","Poznań","Poznań","Wielkopolskie","Poland",NA,52.4353396,16.9247131,NA,"46","Aleje Solidarności","Stare Miasto","61-696",NA,NA,NA
"207","""Dobry Początek"" - szkoła rodzenia, zajęcia dla dzieci, poradnie","ChIJyzSG21VDBEcRVP5kw-BmUBk",NA,NA,"http://dobrypoczatek.pl/",NA,4.5,11,"+48 606 959 992","OPERATIONAL","Poznań","Poznań","Wielkopolskie","Poland",NA,52.4341419,16.918062,NA,"6Ł","Osiedle Powstańców Warszawy","Stare Miasto","61-656",NA,NA,NA
"208","AC STUDIO J. Romański J. Sołgała","ChIJjQHYB65aBEcRrkCaT5Ecs8Y",NA,NA,"http://www.acstudio.com.pl/",NA,5,4,"+48 61 665 82 06","OPERATIONAL","Poznań","Poznań","Wielkopolskie","Poland",NA,52.426589,16.9219511,NA,"1H/2","Starowiejska","Stare Miasto","61-664",NA,NA,NA
"209","SPEC KABLE - Hurtownia i sklep elektryczny","ChIJF4UUhFRDBEcRtWYsySx9BAg","People typically spend 10 min here",67,"https://www.speckable.pl/",NA,4.8,640,"+48 61 826 11 26","OPERATIONAL","Poznań","Poznań","Wielkopolskie","Poland",NA,52.4362448,16.9230678,NA,"17","Osiedle Zwycięstwa","Stare Miasto","61-649",NA,NA,NA
"210","""Eko Toys"" Katarzyna Bielecka","ChIJ_wu4r65EBEcRHm8mG3dxI-w",NA,NA,"http://ekotoys.pl/",NA,5,1,"+48 61 848 68 22","OPERATIONAL","Poznań","Poznań","Wielkopolskie","Poland",NA,52.4272406,16.9121175,NA,"24","Szydłowska","Jeżyce","60-651",NA,NA,NA
"211","WELCOME Nieruchomości","ChIJ2RHYocxaBEcRO7pa0rSQnnc",NA,NA,"http://www.welcome-nieruchomosci.pl/",NA,4.7,23,"+48 501 741 688","OPERATIONAL","Poznań","Poznań","Wielkopolskie","Poland",NA,52.4268447,16.9226508,"2","1E","Starowiejska","Stare Miasto","61-664",NA,NA,NA
"212","Samolewski Gym. Samolewski G.","ChIJTRp-p1VbBEcRxMJV4xmPo34",NA,NA,"https://pl-pl.facebook.com/SamolewskiGym",NA,5,26,"+48 605 147 785","OPERATIONAL","Poznań","Poznań","Wielkopolskie","Poland",NA,52.4292955,16.9263549,NA,"132C","osiedle Przyjaźni","Stare Miasto","61-686",NA,NA,NA
"213","Biedronka","ChIJA6-JmK5EBEcRI7dCd08Tuf0","People typically spend 15 min here",65,"https://www.biedronka.pl/pl?utm_source=gmb",NA,4,1197,"+48 800 080 010","OPERATIONAL","Poznań","Poznań","Wielkopolskie","Poland",NA,52.4261806,16.9120106,NA,"26","Sokoła","Jeżyce","60-644",NA,NA,NA
"214","Purchase of cars Maciej Lisiecki","ChIJg4RC26lEBEcRLPSuN04cSJk",NA,NA,"http://skup-aut129.pl/",NA,4.2,28,"+48 501 728 606","OPERATIONAL","Poznań","Poznań","Wielkopolskie","Poland",NA,52.4324651,16.9137587,NA,"129","Piątkowska","Jeżyce","60-648",NA,NA,NA
"215","Fryzjer Dobre Nastroje","ChIJ431Es6pcBEcR0lihQv7Z7WI",NA,NA,"http://dobre-nastroje.pl/",NA,4.7,103,"+48 884 307 703","OPERATIONAL","Poznań","Poznań","Wielkopolskie","Poland",NA,52.4325757,16.9244671,"lokal 6A","24","osiedle Przyjaźni","Stare Miasto","61-686",NA,NA,NA
"216","Gabinet Dermatologii i Medycyny Estetycznej dr. Nadia Romaszkowa","ChIJ6Z2ateY2BEcRlVGzLx3nfm4",NA,NA,"http://www.dermatolog-poznan.info/",NA,5,9,"+48 691 366 500","OPERATIONAL","Poznań","Poznań","Wielkopolskie","Poland",NA,52.4296496,16.9216587,NA,"142","osiedle Przyjaźni","Stare Miasto","61-686",NA,NA,NA
"217","NZOZ EMELDENT MEDYCYNA I STOMATOLOGIA","ChIJP-XzD1VbBEcRfs4vj9W6Qi8",NA,NA,NA,NA,3.9,7,"+48 61 670 34 43","OPERATIONAL","Poznań","Poznań","Wielkopolskie","Poland",NA,52.4295245,16.9254611,NA,NA,NA,"Stare Miasto","61-868",NA,NA,NA
"218","Kalamis","ChIJf2Ta8VRbBEcRTm3RsVimKcs",NA,NA,"http://www.pudreza.pl/",NA,4.6,42,"+48 61 826 72 87","OPERATIONAL","Poznań","Poznań","Wielkopolskie","Poland",NA,52.4269453,16.9226775,"7","32","Słowiańska","Stare Miasto","61-664",NA,NA,NA
"219","Przedsiębiorstwo Budowlane Ekonbud-Fadom Sp.J. E.L.Jarząbek","ChIJjQIOPi1bBEcRFAk_D0-Rad4",NA,NA,NA,NA,NA,NA,"+48 68 322 18 21","CLOSED_TEMPORARILY","Poznań","Poznań","Wielkopolskie","Poland",NA,52.4323498,16.9149363,NA,"118","Piątkowska","Stare Miasto","60-648",NA,NA,NA
"220","ampee - Pracownia projektowa instalacji elektrycznych i elektroenergetycznych","ChIJ19oJzf8qBUcRUFLBd-2ALd8",NA,NA,"http://www.ampee.pl/",NA,NA,NA,"+48 793 029 030","OPERATIONAL","Poznań","Poznań","Wielkopolskie","Poland",NA,52.4270881,16.9231446,"2","1h","Starowiejska","Stare Miasto","61-664",NA,NA,NA
"221","ProfMedika. Laboratorium biorezonansu. Bicom","ChIJdRhJ76lEBEcR3G5mYPmRIE8",NA,NA,"http://www.profmedika.pl/",NA,5,6,"+48 690 995 885","OPERATIONAL","Poznań","Poznań","Wielkopolskie","Poland",NA,52.4321904,16.9146145,NA,"118","Piątkowska","Stare Miasto","60-648",NA,NA,NA
"222","KDN","ChIJsxwK1apEBEcRjRRfRhsVk74",NA,NA,NA,NA,3,2,"+48 501 054 460","OPERATIONAL","Poznań","Poznań","Wielkopolskie","Poland",NA,52.4293162,16.9221589,NA,"14","osiedle Przyjaźni","Stare Miasto","61-688",NA,NA,NA
"223","Zalia Europe","ChIJVQAxtapcBEcRrNsNOdhD1R0",NA,NA,NA,NA,5,1,"+48 500 184 215","OPERATIONAL","Poznań","Poznań","Wielkopolskie","Poland",NA,52.432623,16.924524,NA,"24","osiedle Przyjaźni","Stare Miasto","61-686",NA,NA,NA
"224","Proderma","ChIJZ_B109tEBEcR_uHfJL0Sj84","People typically spend 30 min to 1.5 hr here",NA,"http://www.proderma.pl/",NA,4.3,21,"+48 61 663 63 43","OPERATIONAL","Poznań","Poznań","Wielkopolskie","Poland",NA,52.4328934,16.9163033,NA,"16","Wyłom","Stare Miasto","61-671",NA,NA,NA
"225","Uchman Jolanta, dr n. med. Spec. pediatra","ChIJKwn_e1VbBEcR-8xaKvDa17E",NA,NA,"http://www.panaceapoznan.pl/",NA,3.7,6,"+48 660 475 747","OPERATIONAL","Poznań","Poznań","Wielkopolskie","Poland",NA,52.4328038,16.9244564,NA,"24","osiedle Przyjaźni","Stare Miasto","61-686",NA,NA,NA
"226","Gaz-Term","ChIJ_V1EbKpEBEcR9mixZOTIr4E",NA,NA,"http://www.gaz-term.com.pl/",NA,2.5,2,"+48 61 827 26 96","OPERATIONAL","Poznań","Poznań","Wielkopolskie","Poland",NA,52.4315603,16.9180582,NA,"29","Orna","Stare Miasto","61-001",NA,NA,NA
"227","Gułajski Marek, mgr. Zielarstwo, bioterapia, radiestezja","ChIJR4qHdVVbBEcRAjQouh901wQ",NA,NA,NA,NA,1,1,"+48 61 820 83 42","OPERATIONAL","Poznań","Poznań","Wielkopolskie","Poland",NA,52.4303507,16.9267782,"282","4","osiedle Przyjaźni","Stare Miasto","61-682",NA,NA,NA
"228","Biouroda. Gabinet kosmetyczny","ChIJsVsBeqpcBEcRDg_-3HeKzAQ",NA,NA,"https://www.facebook.com/Bio-Uroda-106072114683602/",NA,4.9,14,"+48 506 159 021","OPERATIONAL","Poznań","Poznań","Wielkopolskie","Poland",NA,52.4305045,16.9261779,NA,NA,NA,"Stare Miasto","61-682",NA,NA,NA
"229","Orzeł Nieruchomości","ChIJVbFNE1VbBEcRB7GqwJJNiIA",NA,NA,"http://orzelnieruchomosci.pl/",NA,1,1,NA,"CLOSED_TEMPORARILY","Poznań","Poznań","Wielkopolskie","Poland",NA,52.4299993,16.9255302,NA,"10M","osiedle Przyjaźni","Stare Miasto","61-685",NA,NA,NA
"230","Euronet","ChIJH0ESrlVbBEcR7BD0WK0852w",NA,NA,NA,NA,NA,NA,NA,"CLOSED_TEMPORARILY","Poznań","Poznań","Wielkopolskie","Poland",NA,52.4288297,16.9270511,NA,"38U/10","Słowiańska","Stare Miasto","61-001",NA,NA,NA
"231","Everest Investment","ChIJc3Ovv6tEBEcRnNVYgMYeZhg",NA,NA,"http://www.everest-realty.pl/",NA,3.3,7,"+48 61 840 15 55","OPERATIONAL","Poznań","Poznań","Wielkopolskie","Poland",NA,52.4286169,16.9165037,NA,"84","Piątkowska","Stare Miasto","61-693",NA,NA,NA
"232","Wynajem wózków widłowych","ChIJpf61f6lEBEcRKflis2QO26k",NA,NA,"http://www.rentservice.info/",NA,NA,NA,"+48 692 281 677","OPERATIONAL","Poznań","Poznań","Wielkopolskie","Poland",NA,52.4300899,16.9146821,NA,"3","Koronna","Jeżyce","60-652",NA,NA,NA
"233","Biuro Księgowe ASYSTENT s.c.","ChIJTXfj6qlEBEcRxehbqhTxi-g",NA,NA,"http://www.asystent.poznan.pl/",NA,NA,NA,"+48 61 843 75 02","OPERATIONAL","Poznań","Poznań","Wielkopolskie","Poland",NA,52.4318846,16.9141942,NA,"123","Piątkowska","Jeżyce","60-648",NA,NA,NA
"234","Advertising Agency Feel Art Studio","ChIJDWRklNREBEcRuqJlBk4P14c",NA,NA,"http://www.feelartstudio.pl/",NA,4.8,12,"+48 792 810 614","OPERATIONAL","Poznań","Poznań","Wielkopolskie","Poland",NA,52.431136,16.92233,NA,"pawilon 137","osiedle Przyjaźni","Stare Miasto","61-689",NA,NA,NA
"235","Hodowla kotów brytyjskich Poznań tel.513 224 429","ChIJ1dNHw6lEBEcRGcoUM24ul1o",NA,NA,"http://www.kociacharyzma.com.pl/",NA,NA,NA,"+48 513 224 429","OPERATIONAL","Poznań","Poznań","Wielkopolskie","Poland",NA,52.4323236,16.9137617,NA,"127/13","Piątkowska","Jeżyce","60-648",NA,NA,NA
"236","Cititravel","ChIJcyRUulVbBEcRmCGvS2_KYI4",NA,NA,"https://cititravel.pl/",NA,4.5,11,"+48 22 487 55 55","OPERATIONAL","Poznań","Poznań","Wielkopolskie","Poland",NA,52.4292094,16.9276753,"B","38A","Słowiańska","Stare Miasto","61-664",NA,NA,NA
"237","Buratino. Przedszkole publiczne","ChIJqcwtm6pcBEcRCkEeW5v6D6o",NA,NA,"https://www.facebook.com/przedszkolepubliczne.buratino/",NA,5,14,"+48 61 820 05 72","OPERATIONAL","Poznań","Poznań","Wielkopolskie","Poland",NA,52.4317161,16.9267851,NA,"126","osiedle Przyjaźni","Stare Miasto","61-686",NA,NA,NA
"238","Centrum Terapii JaKto","ChIJdRQBz69EBEcRhwl5jE_fnZk",NA,NA,NA,NA,5,3,NA,"OPERATIONAL","Poznań","Poznań","Wielkopolskie","Poland",NA,52.4321162,16.9143275,NA,NA,"Piątkowska","Stare Miasto","61-001",NA,NA,NA
"239","Poco Loco Travel","ChIJv27yAFVDBEcRWEm6F8G4QVw",NA,NA,"http://www.poco-loco.pl/",NA,NA,NA,"+48 607 590 756","OPERATIONAL","Poznań","Poznań","Wielkopolskie","Poland",NA,52.434435,16.921755,NA,"20","Księcia Mieszka I","Stare Miasto","61-689",NA,NA,NA
"240","epaka.pl - punkt nadań i odbioru przesyłek","ChIJN7YAgalEBEcRkALQiqoGKQE",NA,NA,"https://poznan.epaka.pl/",NA,4.7,67,"+48 791 326 796","OPERATIONAL","Poznań","Poznań","Wielkopolskie","Poland",NA,52.4301659,16.914876,NA,"1","Koronna","Jeżyce","60-652",NA,NA,NA
